Ranking,Username
1,@khaby.lame
2,@mrbeast
3,@bellapoarch
4,@addisonre
5,@zachking
6,@kimberly.loaiza
7,@therock
8,@willsmith
9,@cznburak
10,@billieeilish
11,@jasonderulo
12,@kyliejenner
13,@karolg
14,@justmaiko
15,@bts_official_bighit
16,@itsjojosiwa
17,@espn
18,@junya1gou
19,@homm9k
20,@barstoolsports
21,@elrodcontreras
22,@xoteam
23,@gordonramsayofficial
24,@joealbanese
25,@shakira
26,@carlosferiag
27,@scottsreality
28,@ondymikula
29,@briandadeyanara
30,@arianagrande
31,@jamescharles
32,@abtesam99
33,@kylethomas
34,@qpark
35,@gilmhercroes
36,@brookemonk_
37,@thekiryalife
38,@imkevinhart
39,@pongamoslo_a_prueba
40,@montpantoja
41,@thatlittlepuff
42,@lagranjadelborrego
43,@devonrodriguezart
44,@indiskovar3.0
45,@lelepons
46,@stokestwins
47,@kirakosarin
48,@rosalia
49,@badbunny
50,@soybans
51,@its.michhh
52,@lizzza
53,@beca
54,@topperguild
55,@lexibrookerivera
56,@ignaciaa_antonia
57,@camilo
58,@juandaniel.ibarra
59,@baderalsafar
60,@sia_jiwoo
61,@keemokazi
62,@psg
63,@jeison_giraldo
64,@jashlem
65,@jimena.jimenezr
66,@dojacat
67,@daviddobrik
68,@larrayeeee
69,@era_ays
70,@karla.bustillos
71,@vancityreynolds
72,@arnaldomangini
73,@jaykindafunny8
74,@malutrevejo
75,@arigameplays
76,@dina
77,@donaldducc
78,@adrilatinatv
79,@victormelo
80,@terrycrews
81,@the_mannii
82,@chinguamiga
83,@nicollefigueroaa
84,@jacobsartorius
85,@luara
86,@livbedumb
87,@laurengodwin
88,@mingweirocks
89,@iamcardib
90,@latiktokeuse869
91,@mackenzieziegler
92,@lance210
93,@anitta
94,@marrkadams
95,@rominagafur
96,@chang._.a
97,@jmartineze_
98,@cainguzman
99,@brycehall
100,@korea.on
101,@seandoesmagic
102,@pkllipe
103,@thehypehouse
104,@nickiminaj
105,@amadorat
106,@mercuri_88
107,@brodywellmaker
108,@willywonkatiktok
109,@claragnds
110,@jiffpom
111,@twice_tiktok_official
112,@mks.vision
113,@elpanaarabe
114,@itstaylerholder
115,@tra.dang.904
116,@aliizquierdo_
117,@gavrilinaa
118,@nutshellanimations
119,@samuellopez_
120,@maisa
121,@nickaufmann
122,@alex.stemp
123,@luvadepedreiro
124,@deiryvargas
125,@sofia_mata_yeas
126,@busta_brothers
127,@jordi.koalitic
128,@kimandnorth
129,@ruivinhademarte
130,@sand.tagious
131,@nnursema
132,@jungkook
133,@spicyycam_
134,@tyshonlawrence
135,@kira_smrn
136,@julesleblanc
137,@blythe
138,@linhbarbie
139,@emirabdulgani
140,@margo_flury
141,@karinakross
142,@onlyjayus
143,@joeyklaasen
144,@adaliatta
145,@jackblack
146,@joe.bartolozzi
147,@amaraquelindarawr
148,@nessaabarrett
149,@mileycyrus
150,@fresajapomex
151,@madisonbeer
152,@sonyakisa8
153,@kevlexd
154,@sssniperwolf
155,@thexhan
156,@leaelui
157,@karenbarreraoficial
158,@douhalaribiii
159,@twinmelody
160,@heresyourmonkeycontent
161,@deamontol
162,@sarahmagusara
163,@urbantheory_
164,@aylin.criss
165,@camilacabello
166,@yoleendadong
167,@postmalone
168,@erikabuenfiloficial
169,@andreecuadros
170,@juandamc
171,@madi
172,@jlo
173,@cindy518c
174,@deepins
175,@camerondallas
176,@sebastianyatra
177,@gemelasortega
178,@marianapalaciios
179,@ingridohara
180,@austinsprinz
181,@brittikitty
182,@mrzeooficial
183,@legnahernandez1
184,@wian
185,@abbyroberts
186,@thecardguy
187,@shinsama422
188,@yesimresmi1
189,@charlieputh
190,@callmegrand
191,@otakoyakisoba
192,@edsheeran
193,@a.bite
194,@lgndfrvr
195,@alexwaarren
196,@dudeperfect
197,@fefe
198,@luisasonza
199,@marioaguilar
200,@candyken
201,@marianamiamorch
202,@itsavage
203,@hytalosantosoficial
204,@ponciklendin
205,@zhong
206,@mckenzibrooke
207,@drpimplepopper
208,@abbieherbert
209,@fernanfloo
210,@felipeneto
211,@thispronto
212,@ideatimes
213,@benazelart
214,@rhia.official
215,@camilaloures
216,@rihanna
217,@vector
218,@holygxd74
219,@emillyvickof
220,@payton
221,@sandys.ss
222,@jongmineyo
223,@nickandsienna
224,@dameliofamilyofficial
225,@enkyboys
226,@goub
227,@alexcasasvz
228,@amarantavp_
229,@mngnzls
230,@skyandtami
231,@leytink
232,@mikaylanogueira
233,@nattinatasha
234,@badbaarbie
235,@hoaa.hanassii
236,@lkzinhu
237,@nourmar5
238,@xzayx89
239,@supercarblondie
240,@demibagby
241,@mieayamthebstt
242,@sanya_lopez
243,@nikitadragun
244,@ramizeinn
245,@kingkidjoshua
246,@kkarrrambaby
247,@mochapom
248,@sisteryell
249,@lilyxgarcia
250,@marlene2995
251,@joshuamonis
252,@leticiapedro
253,@abailarconmaga
254,@mariahandbill
255,@davidgetial
256,@keniaos
257,@elaineharomusic
258,@ali_khan110
259,@soy.nestor
260,@alfredolarin
261,@nicolegarcia
262,@beatboxjcop
263,@brookeashleyhall
264,@moontellthat
265,@fujiiian
266,@garyvee
267,@therealhammytv
268,@brunomars
269,@twiceofnice
270,@riwww
271,@auditydraws
272,@dorisjocelyn
273,@k0uvr
274,@peixinh0
275,@tabithaswatosh
276,@shaq
277,@sabrinacarpenter
278,@shortestblockbusters
279,@queenluvs14
280,@the_object
281,@nilsonneto
282,@dream_team_house
283,@vanessakate_
284,@noeminikita
285,@anwar
286,@eyavanana
287,@mistermainer
288,@samkamusic
289,@zeth
290,@ba.bich_
291,@faruk_pc
292,@miketoks
293,@fabiola.baglieri
294,@huronarolera
295,@mirandasings
296,@jake.pnw
297,@nicolelouise
298,@hoa_2309
299,@memes
300,@sweetyhigh
301,@samhairwolfryder
302,@bessan_esmail
303,@razor.fathanah
304,@siennamae
305,@jennycamachor
306,@maverickbaker
307,@fedevigevani
308,@annabananaxdddd
309,@juanpazurita
310,@spencer_serafica
311,@nickelodeon
312,@lalalalisa_m
313,@brotherofcolor
314,@sjbleau
315,@ladivaza
316,@salavat.fidai
317,@taylorred
318,@dangmattsmith
319,@christianfabiannn
320,@steveharvey
321,@queeneemercado
322,@cheryantoinette
323,@houseofhighlights
324,@king.science
325,@semiraminta
326,@jakefellman
327,@hpc_official
328,@sebastianbails
329,@amirodriguezz
330,@itspierreboo
331,@iimeeto
332,@lukedavidson_
333,@itsbsd
334,@_ehiz
335,@alena_sahnova
336,@robbyandpenny
337,@emilymariko
338,@kamillatasty
339,@eliottbrown
340,@suavexavier
341,@katy.vine
342,@jypestraykids
343,@shin_sajang93
344,@mdmotivator
345,@ivanmartinez
346,@alok
347,@sunny_kalra55
348,@wewearcute
349,@nlechoppamusic
350,@soydanielvargas
351,@dhar.mann
352,@capitanyolotroll
353,@rampage_thedancer
354,@leidys_sotolongo
355,@naruto0919
356,@danilis_boom
357,@shamima_afrinomi
358,@blondebrunetteredhead
359,@inmagic
360,@maryliteedang
361,@dadlifejason
362,@nazdej
363,@nickychampa
364,@jostasy
365,@sofiedossi
366,@barisresmiii
367,@guzi
368,@imbaddiesonly
369,@pinuppixie
370,@jiwon_family
371,@theestallion
372,@theshluvfamily
373,@d0d_x
374,@egorkaship_official
375,@yefersoncossio
376,@marlucas18
377,@annaxsitar
378,@soymaaleja
379,@ianboggs
380,@jakebsweet
381,@lianev
382,@falcopunch
383,@leanadeeb
384,@dj.angelx
385,@marcelotwelve
386,@thereptilezoo
387,@queenstaralien
388,@vivi
389,@plastique_tiara
390,@thereallightskinmonte
391,@minecraftnutiy
392,@ibineizergirosa
393,@baileyspinn
394,@nics.orense01
395,@melissaendara
396,@twinsfromrussia
397,@vilmeijuga
398,@josevasqueztv
399,@shrouqsunshine
400,@paigezilba
401,@meghantrainor
402,@cieloanaiss
403,@silntgirl0official
404,@jharnabhagwani
405,@joelbergs
406,@pandaboi.com
407,@dudinhaarrudaa2
408,@wildnout
409,@fredebrochito
410,@creatingwonders
411,@enhypen
412,@kaykai_ntch
413,@pakoyaso_
414,@1_alkaisr_1
415,@unkabogableviceganda
416,@anxietycouple
417,@billyvsco
418,@lopeztips
419,@luismendez1405
420,@isaias
421,@zacil.jimenez
422,@artur.edlind
423,@tommyunold
424,@ladygaga
425,@animalize21
426,@kageihina
427,@vasilvana1
428,@reiley
429,@ehbeefamily
430,@karljacobs
431,@nachitojuegajuegos
432,@tyga
433,@notbrookemonk
434,@soybiancaoss
435,@kallmewhateveryouwant
436,@xobrooklynne
437,@_angelomarasigan
438,@_lulu99
439,@ufc
440,@uespiiiii.1115
441,@lyrics
442,@andysistar407
443,@jena
444,@zefelipecantor
445,@bypamellaa
446,@junpei.zaki
447,@kuyamagik
448,@vashamarousia
449,@javiluna
450,@yskaela
451,@gevids
452,@vaimonroe
453,@mateosarc
454,@angelloweee
455,@savanahmosss
456,@zacklugo
457,@mridulmadhok_
458,@nasserferreiroo
459,@colewalliser
460,@ate_audwii
461,@filmlooji
462,@miracle_tiktok
463,@josettepimenta
464,@elliezeiler
465,@mariahcarey
466,@swerabsmith3
467,@mexicocookingclub
468,@calebcoffee
469,@ksi
470,@sidelnikovvv
471,@kunaguero
472,@diana_aster
473,@mamalindy
474,@sebastianmoy
475,@itsyaboymaina
476,@nachter
477,@nadeemmubarakofficial
478,@milway.ka
479,@danrhodes
480,@bizmike
481,@analisseworld
482,@fallontonight
483,@littel_johnny
484,@iammarcohall
485,@kimmigneault
486,@justinavalentine
487,@mehakmalikofficial578
488,@klavacoca
489,@rosy.salinass
490,@netflixbrasil
491,@mafevasqueztv
492,@alwifahry
493,@vittorfernando
494,@itsevantan
495,@karladelatorre97
496,@sauceddie
497,@bdylanhollis
498,@iamjordiofficial
499,@hmelkofm
500,@michaeelboons
501,@mahavsekupleno
502,@duckinss
503,@sarati
504,@djstwins
505,@arianny.tenorio
506,@ludmilla
507,@ayypatrick
508,@philiptanasas
509,@shaulaponce2.0
510,@itsjovynn
511,@bashtheentertainer
512,@dewiperssik_real
513,@arshsoni
514,@haleyybaylee
515,@turmadavalzinhaoficial
516,@mattzworld
517,@dafaatmja
518,@andrewlarranaga
519,@cardibungal
520,@nick.digiovanni
521,@sydney_art
522,@deanschneider.official
523,@hope_schwing
524,@chikybombomreal
525,@lucagallone
526,@issei0806
527,@haueterfamily
528,@jessibrugali
529,@elyblancarte
530,@iamkelianne
531,@conradovillagra
532,@t22felton
533,@antonyviews
534,@lisina15
535,@billnye
536,@nilered
537,@faryal_fairyyy
538,@sherifkhalid
539,@portiolli
540,@andreaespadatv
541,@samseats
542,@foxy
543,@ninabaiocchi
544,@catben
545,@miaboyka
546,@kimkardashian
547,@officialhowiemandel
548,@mir_glazami_microscopa
549,@afvofficial
550,@azchpn
551,@chickennuggetsop
552,@jeenie.weenie
553,@jeremyhutchins
554,@kervo.dolo
555,@lima
556,@amdadul_10
557,@luccasneto
558,@dubkovapo
559,@sergioramos
560,@cerenyaldz
561,@babi.pvm
562,@ellendegeneres
563,@rayssabuq
564,@redbedonia
565,@chelseafc
566,@jessvalortiz
567,@nico_thepomeranian
568,@ruthbellpan
569,@jasonthores
570,@elyssajoy_
571,@enaldinho
572,@nekoglai
573,@valeriacarruyo
574,@sheenamelwani
575,@brefran77
576,@chrisbrownofficial
577,@instituteofhumananatomy
578,@moscow_spider
579,@monismurf
580,@francallejon
581,@nickaustinn
582,@preston
583,@juaniquilador
584,@fritzdoesart
585,@aurikatariina
586,@gabimfmoura
587,@newt
588,@bbygshaii
589,@nintendo.grl
590,@kingzippy
591,@marko
592,@f.ukuro
593,@tiktokbrasil
594,@maxtaylorlifts
595,@ongsquad
596,@tool_tips
597,@katieangeltv1
598,@yoskiyoshi
599,@itskylinealcantara3
600,@laurenpaley
601,@lennieenverga
602,@malexaleon
603,@soydanielaalfaro
604,@magicianshin
605,@montanatucker
606,@juliakbarni
607,@ananda
608,@cacilbillyeonnie
609,@babo_cds
610,@magic_daniell
611,@kylielagringa
612,@dannyphantom.exe
613,@baby_simba47
614,@semaebaaa
615,@jonathanrivera04
616,@davidjustinn
617,@annhien_boiboi
618,@katkatmanimtim123
619,@dinosonso_ofc
620,@elan_
621,@colleen
622,@ikerunzu
623,@alaa.ayyman
624,@stephen_benihagan
625,@caseysimpson
626,@jmong044
627,@kaelimaee
628,@trishaaazia
629,@bryankazaka
630,@ashmagic
631,@sofiapablo
632,@jenna0rtega
633,@hoangvinhhh
634,@billlnai
635,@raissachaddad
636,@haileeandkendra
637,@ponchodenigris
638,@noorstars
639,@laurenxburch
640,@monakhovan_
641,@audrey_8a
642,@ash_lay
643,@thomassanders
644,@inazein29
645,@sylvester_danielle_
646,@lolaloliitaaa
647,@rap
648,@dunk
649,@dancingwheelz
650,@jaynagy
651,@roblox
652,@arayfer_ha
653,@emmycombss
654,@georgenotfound
655,@userdgjhnguj5f
656,@samsmith
657,@victtoriamedeiros
658,@lebong95
659,@lourdasprec
660,@5.minute.recycle
661,@veydi_rush
662,@ishowspeed
663,@simaria
664,@shimanshow
665,@kik0404
666,@parker_james
667,@iamjustinvibes
668,@thegreatlondini.com
669,@destorm
670,@loud_thaiga
671,@aydenmekus
672,@quocthanh0308
673,@daddyming
674,@tiktokmena
675,@loud_coringa
676,@icycol
677,@uchiyamasan7322
678,@any_cemar
679,@pepperonimuffin
680,@nfl
681,@hesfinatia
682,@uzmarahil724
683,@greeicybaila
684,@itzyofficial
685,@desmonddennis
686,@beberexha
687,@macarenac10
688,@cellat36
689,@twins.verz.parodies
690,@joaopedrochaseliov
691,@antonioslimgovea
692,@yosoyantrax
693,@jombospice
694,@lisabarcelox
695,@eminem
696,@erikakullberg
697,@fyp
698,@luizaparente
699,@elsarca
700,@lewiscapaldi
701,@katyperry
702,@petroutv
703,@mattsteffanina
704,@shabiraalulaadnan
705,@kessel_nathan_official
706,@mariano_razo
707,@euwatson
708,@lilyachty
709,@lynaperezxo
710,@daniuniverse
711,@elvir_aljicevic
712,@_xochitl.gomez
713,@samadhiza_
714,@jasonbankscomedy
715,@oli_natu
716,@style
717,@jimmydarts
718,@ssmaaaryy
719,@bobacott
720,@memounstro
721,@simonjosephjavier
722,@baimwong
723,@nowunited
724,@yukiitakahashiii
725,@_cjma
726,@luccasabreuu
727,@kaylieleass
728,@magno_scavo
729,@s.gorshok
730,@matiasseba.ochoa2
731,@kingali
732,@arito__
733,@honeybobabear
734,@samuelgrubbs
735,@mancity
736,@maiaknight
737,@marvsfojas
738,@juliaolympio
739,@johnmarcvanwyk3
740,@donnalyn
741,@sptrakori_
742,@mariicentenoooo
743,@j3ipy_
744,@buzova86
745,@soymaryorit
746,@clarissachristiyan
747,@kagiristwins
748,@thequeendaro
749,@davidyrodriguez
750,@tiboinshape
751,@pandaaventurerotiktok
752,@mgkhant413
753,@ash.e.e
754,@tatemcrae
755,@munchie.michelle
756,@drewafualo
757,@mrballen
758,@unicosobreviviente
759,@edw1n_98
760,@wisdm8
761,@andreswilley
762,@evelyn_rangeel
763,@gageslife
764,@giovannidasrimass
765,@ricklimatv
766,@madaebica
767,@alinaandkristinaa
768,@cande.copello
769,@youungeer
770,@eoirn_eoirn
771,@pologuerrero.med
772,@wlguimaraess
773,@lecker77
774,@kiliquinha
775,@noahschnacky
776,@serezha.omg
777,@noordabashh
778,@los_escachaitos
779,@slevtaylor
780,@jasonmoments
781,@instantbollywood
782,@boxlapse
783,@djhuntsofficial
784,@liverpoolfc
785,@chapi_tosya
786,@kaialana
787,@leonardo_rubens
788,@yun_bao
789,@iamoliviaponton
790,@mapusa
791,@anastasia_yseeva_17
792,@camille_la_danseuse
793,@devincaherly
794,@markanastasio
795,@ericstruk
796,@missdouaa.officiel
797,@joaoferdnan
798,@pressley
799,@valentinebrothers
800,@betch
801,@steff_happy
802,@lera_izumrud
803,@panarinkaa
804,@nabela
805,@edgardumali
806,@ashleytisdale
807,@matheusevitoriaofc
808,@valenrewah
809,@vennyalberti165
810,@lilmark_m256
811,@jacquesvanier
812,@teamcarolvaz
813,@badabun
814,@shindongho_kr
815,@joshpeck
816,@ale4kafly
817,@sbt
818,@hshq
819,@trippydraws
820,@ximeponch
821,@kennelly_michelle
822,@xzit_thamer
823,@guilhermetank
824,@uuryaman
825,@kengtachaya
826,@jcamilopulgarin
827,@ricoanimations0
828,@lkbphotography_
829,@brandonspam_
830,@alegalvanv
831,@jojotodynho
832,@maseplace
833,@gehadhassann
834,@sera
835,@manuelconecta
836,@swagrman
837,@guseingasanov
838,@realdonaldtrump
839,@sarahhmiladd
840,@exi_sosa
841,@leanbeefpatty
842,@visit
843,@chrishemsworth
844,@mujtabalakhani123
845,@lyndaparra
846,@sawardega
847,@fahiramira
848,@elrufas
849,@mikethechameleon
850,@choctiv
851,@lasespabilasofficial
852,@tracy.oj
853,@yosoyplexx
854,@destinopositivo
855,@elmelee
856,@wicsur
857,@enochtrue
858,@rolandpollard
859,@flyysouljah
860,@greyandmama
861,@bellekaffer
862,@chefboybonez
863,@chris
864,@zaydelie
865,@moderngoalkeeper
866,@hinataelka
867,@faulox_
868,@lehvideira
869,@englishwithgeet
870,@oieuro
871,@therealoverloadcomedy
872,@andweaso
873,@ameliezilber
874,@ruicarlota
875,@melissametrano
876,@iaaras2
877,@gnb.official
878,@isabrunellii
879,@dddkembar
880,@bietheska
881,@kendallvertes
882,@carolatv_
883,@daz_black
884,@mr.virgo3501
885,@jess.bonfioli
886,@iamryantanada
887,@theo_landji
888,@allan_jeon
889,@theshanaofficial
890,@mr_battery
891,@soyeddieschobert6
892,@blesiv
893,@jennierubyjane
894,@ey.dinn
895,@merayad_
896,@smile_bam
897,@mirelajanis
898,@ikoyunichi
899,@ekosaputra20
900,@myuz_gaza1
901,@asherangel
902,@losadnmx
903,@prillylatuconsina15
904,@sofiabrano
905,@antxana
906,@talokudo
907,@shaymitchell
908,@thejonathanmoss
909,@ramenkingivan
910,@ftwinzgottalent
911,@junktramp
912,@beto.locuras
913,@leakdrama
914,@marktilbury
915,@food_raiders
916,@diegocadena
917,@mannixcaranchoofficial
918,@smashedely
919,@satisfying..x..lips
920,@nour.magic
921,@howieazy
922,@borovikdashaa
923,@kauanahofem
924,@juliolopezjl
925,@420doggface208
926,@moreeandrade
927,@sugarandspice
928,@asadaliofficiall
929,@0906yu_rin
930,@finnsreality
931,@jesuacunnigham
932,@xkarentorresx
933,@fairyfajardokidaaa
934,@roshannnn1
935,@ozkar___
936,@okanutie
937,@liamsilk
938,@chinpals
939,@jennypopach
940,@michou_yt
941,@kobyakov_vlad
942,@bindasskavyaa_
943,@andreaandlewis
944,@annachulkovaa
945,@br4dsito
946,@asadrayofficial
947,@mylifeaseva
948,@ameliagething
949,@rezende
950,@gisel_laaa
951,@bryan_skabeche
952,@theewilliam45
953,@buddyvalastro
954,@ble_patumrach
955,@thekalimuscle
956,@ahmedhelmy
957,@palomasouza.s
958,@mariabecerra_22
959,@itsjuztaba
960,@krysandkareem
961,@marvin4eva33
962,@haymakers
963,@othiagoventura
964,@freefirevnofficial
965,@guavajuice
966,@enbiggen
967,@itsautumntiktok
968,@arnon605ac
969,@dyaahh19
970,@inul.daratista
971,@natalikes
972,@gustavotubarao
973,@annnexmp
974,@latelateshow
975,@heartlynrae
976,@hahadetka
977,@sarumaoficial
978,@filaretiki
979,@cyrilschr
980,@thestickmenproject
981,@mateuspain
982,@orzutiextra
983,@nasdaily
984,@leonleiden
985,@alberee_
986,@brylkaproject
987,@britneyspears
988,@mostlyluca
989,@tatyanddavon
990,@anmol_noor1
991,@soylamorena
992,@brunapgo
993,@lauraclery
994,@funnelvision
995,@takatta
996,@asoothesizzler
997,@bhadbhabie
998,@aureliadobre
999,@joshotusanya
1000,@redbull
1001,@angellica2201
1002,@memezar
1003,@kashees.official
1004,@johnnyvalentineee
1005,@s_johnson_voiceovers
1006,@fortnitesections
1007,@itsryanshakes
1008,@sergiojuradoyt
1009,@alexyoumazzo
1010,@yaszou
1011,@brycemckenzie
1012,@omarchaparrooficial
1013,@dababy
1014,@tadevlogs
1015,@sidmr.rapper4
1016,@katebrush
1017,@andreebonifacioo
1018,@xgilham
1019,@noahjaywood
1020,@ustazebitlew
1021,@conormaynard
1022,@aimanzamanofficia82
1023,@olyashelby
1024,@pacodemiguel
1025,@otracuentadetutoriales
1026,@authenticteecee
1027,@icebox
1028,@theulynreis
1029,@miafinney
1030,@annemoda14
1031,@wealth
1032,@kalaniballfree
1033,@longchunchun
1034,@vitorguergui
1035,@la.maraaa
1036,@fgnico
1037,@zeeshan__rokhri
1038,@savko
1039,@ironsanctuary
1040,@henrygalea
1041,@chrislobanzo
1042,@myfullrespect
1043,@matthewandryanuk
1044,@arnoldschnitzel
1045,@incorrectlyroce
1046,@awrabriguela
1047,@crystal.g.katsini
1048,@naintaraofficial
1049,@drexlee
1050,@kagramanana
1051,@emmanuelsenties
1052,@jalals
1053,@cciinnn
1054,@cashandmav
1055,@ossadchiy
1056,@terbuz
1057,@leticialivess
1058,@_vincealarcon
1059,@loud_mi
1060,@therealpesopluma
1061,@sabinitta
1062,@miantwins
1063,@la_chica_bona
1064,@acmilan
1065,@lucky.maker
1066,@josephmayuen
1067,@pedrinhuol
1068,@reet_narulaa
1069,@heiraksyt
1070,@jezelle.x
1071,@sergistwins
1072,@serovski_nikita
1073,@susymourizz
1074,@historiaparatontos
1075,@gabybastidaaa
1076,@superhouse_ru
1077,@hussaintareen
1078,@powervision
1079,@jujumfranco
1080,@subwaysurfersofficial
1081,@juuliana_paiva
1082,@derekhough
1083,@charlie
1084,@poki
1085,@maks.nemcev
1086,@quintongriggs
1087,@ballly
1088,@leng.alturaaa
1089,@lstoast
1090,@viliacarl
1091,@aeronbara
1092,@waltermoraes_
1093,@malkimeansking
1094,@danathebee
1095,@danshaba
1096,@ali._.jutt900
1097,@maulopezzz
1098,@danfart
1099,@alexhkf
1100,@asrindabasrii
1101,@artistadasencasa
1102,@flakeysalt
1103,@hareemshahofficialx
1104,@hyram
1105,@likenastya
1106,@rabbert
1107,@tranthanh123
1108,@parishilton
1109,@tiin.vn
1110,@bulansutena
1111,@nerida.barbosa
1112,@princezee
1113,@itssissysheridan
1114,@astasiadream
1115,@moosecraftmc
1116,@andres.vazquez01
1117,@nickii
1118,@soklin44443
1119,@ririiii.26.on.ig
1120,@nnotochka
1121,@tizzyent
1122,@mcsilsiloficial
1123,@dan_fuentes
1124,@soydekko
1125,@surysadai
1126,@holdendavenport
1127,@mlb
1128,@mahmoudalhasanat09
1129,@mikecaron_la
1130,@prod.og
1131,@nate_wyatt
1132,@parkerlriley
1133,@mateuspesce
1134,@carolfermichh
1135,@nbcnews
1136,@yona.224
1137,@theowisseh_
1138,@antonxmi
1139,@brenttelevision
1140,@usher
1141,@originalkellykey
1142,@roryeliza
1143,@zachclayton
1144,@tamaradai
1145,@milaadkmagic
1146,@zeddywill
1147,@palictefamily
1148,@rockrespect
1149,@majasalvador88
1150,@theroligore
1151,@anacrylics
1152,@thejohnnydshow
1153,@sapiloid
1154,@leostudy
1155,@warriors
1156,@needparty
1157,@freefirethofficial
1158,@tessa.bear
1159,@austinfelt
1160,@indymafia_bee_bow
1161,@danielsaboya
1162,@swagboygorringe
1163,@jjeesiicaa_
1164,@mcdwooo
1165,@landenpurifoy
1166,@joshlilj
1167,@rustam_mayer_djavid
1168,@trapbunniebubbless
1169,@afrae.es
1170,@tylerbrown
1171,@weirdhelga
1172,@kdogart
1173,@markangelcomedy
1174,@anriremi
1175,@jesusnalgas
1176,@team2moms
1177,@alejoigoa
1178,@caglassimsek
1179,@therealclaybaby
1180,@peytonlist
1181,@madsbaileybabe
1182,@misswow69
1183,@aliciamccarvell
1184,@crazijow
1185,@noholito
1186,@makayla.domagalski1
1187,@merveyalcin
1188,@britneyy.official
1189,@nanajoe19
1190,@btypep
1191,@carew_ellington
1192,@undos
1193,@paulolondra
1194,@mikecracktok
1195,@carlinhosmaiaof
1196,@dashachepizhko
1197,@gingerbilly1
1198,@itts_hunter
1199,@daxnewman769
1200,@bvb
1201,@tanteismi
1202,@soggy_nugget
1203,@bezdelniki63
1204,@dimsthemeatguy
1205,@ugolord
1206,@heyriri__
1207,@emilyrayna
1208,@milliyormlenlaew
1209,@huxleythepandapuppy
1210,@isandrep2
1211,@hassankhadair
1212,@danpovenmire
1213,@aileenchristineee
1214,@canalzezao
1215,@pkfrtv
1216,@zavidova9
1217,@pedraza_twins17
1218,@riverss
1219,@futbotv
1220,@denise.chariesta
1221,@bianncarraines
1222,@tweh18
1223,@noeldeyzel_bodybuilder
1224,@mamnunnn
1225,@sabyhidalgo
1226,@oddanny
1227,@burdagul
1228,@shaqthepug
1229,@soylupitaanaya
1230,@dreamwastakenwastaken
1231,@dripletss
1232,@scarlettandtiania
1233,@jakeceja
1234,@happykelli
1235,@johafadul
1236,@janicenicholee
1237,@zoifishh
1238,@tiktokbrownchick
1239,@leahh
1240,@tabyoriginal
1241,@jairvill7
1242,@lookball999
1243,@ben
1244,@calleypoche
1245,@bio_makers1
1246,@meheer_chowdhury
1247,@tramdo.98
1248,@the.shark.puppet
1249,@majno
1250,@syecntk
1251,@chazbruce0
1252,@brooklynqueen3
1253,@dzharakhov
1254,@lilmfcurb
1255,@cecia.loaiza
1256,@super.detective
1257,@madashnn
1258,@khiferbrosse25
1259,@timothytancre
1260,@tati.nunes
1261,@gwizzle_
1262,@simjiofficial
1263,@ajrbrown
1264,@khamitovy
1265,@aml.samirr
1266,@madozilla
1267,@thekingofweird
1268,@thechainzfamily
1269,@angelkelechi
1270,@marianyyaaa
1271,@miladmirg
1272,@bugha
1273,@zelikafb
1274,@elvisantosoficial
1275,@ourfire
1276,@jennmuriel
1277,@aaron.vankampen
1278,@sinadeinert
1279,@thesharptwins
1280,@nuhchez
1281,@ayaatanjali_
1282,@anastasyiaqueen
1283,@alxhendy
1284,@jeandofogo
1285,@lostmymarblesagain
1286,@semihvarol
1287,@interestingdaily
1288,@sulheejessica
1289,@abas.iiii
1290,@aninha
1291,@deiveleonardooficial
1292,@sundalkhattakofficial
1293,@floperalex
1294,@dasigantung
1295,@livvy
1296,@samm_vq
1297,@artistomg
1298,@lovesoreal
1299,@eastcoastdiy
1300,@lupitacardoza4
1301,@officialmightyduck
1302,@lazadaid
1303,@javiercazarez
1304,@llaurengibson
1305,@azkhategar391
1306,@rosangelaeslo
1307,@eduincaz5
1308,@dance.like.andrea
1309,@lunamontes
1310,@snowwolf_jku
1311,@shamuelz_music
1312,@nikkietutorials
1313,@tugcedmr61
1314,@linglinglieanti
1315,@morganpresleyxo
1316,@cindyrellaa._
1317,@conangray
1318,@lalalandkindcafe
1319,@lalaleluu
1320,@sirdancimehmet
1321,@ramanaborba
1322,@thinhseu
1323,@theyeeetbaby
1324,@savagemomlife
1325,@puteriisarii
1326,@salvatore.roccaro
1327,@phuongmin_
1328,@rodelgnet
1329,@sig
1330,@skincareryan
1331,@brianna
1332,@tammy.parra
1333,@amarmolmc
1334,@pedrosampaio
1335,@nick_kratka
1336,@jose_eduardo_derbez
1337,@celepamio
1338,@gerar_do
1339,@lia.steffi
1340,@edworthecreative
1341,@radhikabangia
1342,@missflawlessss
1343,@lailaahmedzaher
1344,@fatimafaisal___
1345,@martinalbornozz
1346,@ftbl
1347,@jackiegonzagaofficialph
1348,@mattwrightau
1349,@ntn__2003
1350,@heyiamlinda
1351,@pantojats
1352,@mayapolarbear
1353,@josefloresterror
1354,@mrr.daro.kh
1355,@umereee
1356,@veondre
1357,@villanuevaanthony
1358,@connor
1359,@mecaigoderisaof
1360,@gdresin
1361,@madamsoniia
1362,@catareyyes
1363,@lil_stace
1364,@girlwithedogs
1365,@thetortoisewhisperer
1366,@traviesotiktok
1367,@sdavidrodriguez
1368,@capiperez
1369,@buboyjrvillar
1370,@theblondebrewer
1371,@belladuenas
1372,@gavinmagnus
1373,@hidden.on.google.earth
1374,@kiraycelisofficial
1375,@bostonbeaman
1376,@missionaryjack
1377,@vive.mexico
1378,@iqbalahm
1379,@rodjuncruz
1380,@mirrormirror.004
1381,@champagnemike
1382,@stiward
1383,@rubius
1384,@sandracostaof
1385,@therealtati
1386,@elijahalejo04
1387,@cocielo
1388,@liltjay
1389,@itsstefano
1390,@basementgang
1391,@sokolov_artyom
1392,@jfam.ily
1393,@lukefalzon
1394,@mackenzieturner0
1395,@sharonwinner
1396,@kingdomc21
1397,@manlikeisaac
1398,@liampayne
1399,@sofiiiiagomez
1400,@markaaaay
1401,@virginiamontemaggi
1402,@lagaitagaitan
1403,@jsol.dreams
1404,@kellykimkim7
1405,@connordewolfe
1406,@jasminexgonzalez
1407,@agnesmelo_oficial
1408,@obriendeivi4026
1409,@mariabolio
1410,@sarahgraysun
1411,@waguinhov
1412,@habituetoi
1413,@celebritiesiq
1414,@gusgrioficial
1415,@jamesllewis
1416,@waterfork
1417,@marcocellucci
1418,@emilesam
1419,@larrymania
1420,@jessnolimit999
1421,@noahglenncarter
1422,@anianioficial
1423,@tikaolaa
1424,@alejandrozario
1425,@elenashinohara
1426,@luccastoon
1427,@rudovaaa
1428,@emiirbayrak
1429,@fedez
1430,@vienbabinaaa
1431,@lovekhaani
1432,@jordanalvarezz
1433,@youssef_kabani
1434,@larissasanchesyoutuber
1435,@dogcastle1
1436,@burak1fm
1437,@dimasblog
1438,@h2woofficial
1439,@maddzak
1440,@kimyaya.77
1441,@iamwraya
1442,@emelywithane_
1443,@tamiriarodrigues
1444,@123gohouse
1445,@nandacarolll
1446,@diccionariovenezolano
1447,@jondretto
1448,@indahraishaty
1449,@nytonystark
1450,@theneilhenry
1451,@alifhiaf
1452,@mimimizhka
1453,@jenniferngo
1454,@thatsjustunreal
1455,@saesiii
1456,@christopherromero
1457,@yosoyroki
1458,@miadio
1459,@itsahlyssa
1460,@itzslavik
1461,@lev_cameron
1462,@dima_maslen
1463,@siamnews
1464,@_cacesa
1465,@taylor_thatdancer
1466,@vtv24news
1467,@_amanndaraujo
1468,@mha_oficial
1469,@zidanofficial_
1470,@bankrolldyl
1471,@filthyle0
1472,@jordan_fisher
1473,@anna.zak
1474,@romancev768
1475,@jamootv
1476,@juliacardealy
1477,@_soficmunoz18
1478,@rbplaying
1479,@goodsamarkitan
1480,@paocastillooficial
1481,@superboumj
1482,@bradley.thor
1483,@cellegrini_oficial
1484,@mario_jok
1485,@kyleandjade_
1486,@syahnazsadiqah
1487,@maya.husky
1488,@hiangrylls
1489,@imaffaf
1490,@infamous_wu13
1491,@elysemyers
1492,@ediqueixinho
1493,@lady_rara06
1494,@milaalawiyah
1495,@karenbustillosg
1496,@babyshimaofficial
1497,@vinny_3000
1498,@jordyescoto
1499,@ravensymone
1500,@chiaraferragni