Ranking,Username
1,@bellapoarch
2,@addisonre
3,@zachking
4,@therock
5,@willsmith
6,@jasonderulo
7,@kyliejenner
8,@itsjojosiwa
9,@barstoolsports
10,@jamescharles
11,@brookemonk_
12,@imkevinhart
13,@devonrodriguezart
14,@lelepons
15,@stokestwins
16,@lizzza
17,@topperguild
18,@dojacat
19,@daviddobrik
20,@terrycrews
21,@jacobsartorius
22,@livbedumb
23,@laurengodwin
24,@lance210
25,@rominagafur
26,@brycehall
27,@nickiminaj
28,@willywonkatiktok
29,@itstaylerholder
30,@joe.bartolozzi
31,@mileycyrus
32,@madisonbeer
33,@camilacabello
34,@yoleendadong
35,@postmalone
36,@madi
37,@austinsprinz
38,@charlieputh
39,@itsavage
40,@drpimplepopper
41,@ideatimes
42,@dameliofamilyofficial
43,@badbaarbie
44,@nikitadragun
45,@garyvee
46,@brunomars
47,@auditydraws
48,@tabithaswatosh
49,@mistermainer
50,@jake.pnw
51,@memes
52,@maverickbaker
53,@nickelodeon
54,@steveharvey
55,@houseofhighlights
56,@king.science
57,@sebastianbails
58,@_ehiz
59,@emilymariko
60,@nlechoppamusic
61,@dhar.mann
62,@jostasy
63,@sofiedossi
64,@pinuppixie
65,@theestallion
66,@annaxsitar
67,@lianev
68,@plastique_tiara
69,@anxietycouple
70,@elliezeiler
71,@mariahcarey
72,@calebcoffee
73,@diana_aster
74,@justinavalentine
75,@hope_schwing
76,@chikybombomreal
77,@billnye
78,@ruthbellpan
79,@instituteofhumananatomy
80,@montanatucker
81,@kylielagringa
82,@baby_simba47
83,@katkatmanimtim123
84,@caseysimpson
85,@thomassanders
86,@erikakullberg
87,@katyperry
88,@lynaperezxo
89,@_xochitl.gomez
90,@nowunited
91,@samuelgrubbs
92,@noordabashh
93,@markanastasio
94,@joshpeck
95,@kennelly_michelle
96,@brandonspam_
97,@maseplace
98,@swagrman
99,@tracy.oj
100,@carolatv_
101,@asherangel
102,@satisfying..x..lips
103,@mylifeaseva
104,@buddyvalastro
105,@thekalimuscle
106,@heartlynrae
107,@britneyspears
108,@lauraclery
109,@funnelvision
110,@noahjaywood
111,@la.maraaa
112,@henrygalea
113,@derekhough
114,@likenastya
115,@itssissysheridan
116,@moosecraftmc
117,@prod.og
118,@theowisseh_
119,@usher
120,@weirdhelga
121,@peytonlist
122,@nanajoe19
123,@btypep
124,@ugolord
125,@pkfrtv
126,@pedraza_twins17
127,@burdagul
128,@zoifishh
129,@the.shark.puppet
130,@lilmfcurb
131,@super.detective
132,@ayaatanjali_
133,@livvy
134,@officialmightyduck
135,@shamuelz_music
136,@lia.steffi
137,@traviesotiktok
138,@gavinmagnus
139,@missionaryjack
140,@liltjay
141,@connordewolfe
142,@elenashinohara
143,@thatsjustunreal
144,@bankrolldyl
145,@jordan_fisher
146,@infamous_wu13
147,@wave.tv
148,@jacksupertoast
149,@ember_west
150,@camwilder
151,@_tamatomo
152,@babybella777
153,@longneck
154,@gabunion
155,@dunkin.ducks
156,@itsmaddybelle
157,@zachjaq
158,@enews
159,@indiana
160,@mar.hacks
161,@gosimmie
162,@jigpx
163,@kidrl
164,@kanebrown
165,@gatorchris1
166,@mcsquared90
167,@vlogcast
168,@abelardo
169,@djprecise
170,@lilireinhart
171,@kamtunechi
172,@disneyparks
173,@dexiediaz_
174,@johnmicheal1996
175,@alexgriswold
176,@toriphantom
177,@abcnews
178,@brenna.kaci
179,@imjuliekay
180,@thebracesguy
181,@bebecitooff
182,@izzyandmarysdad
183,@greyship
184,@cassidycondiee
185,@pologofficial
186,@noahurrea
187,@tanner.witt
188,@covernationofficial
189,@vanessahudgens
190,@_biganttt_
191,@suburban
192,@mattpetitto
193,@hannah.montoya
194,@zachjustice
195,@idksterling
196,@themailehammahz
197,@adultswim
198,@imjoshfromengland2
199,@myrtlebeachsafari
200,@dukedepp
201,@calebwsimpson1
202,@owen.holt
203,@madmax_fluffyroad
204,@couplepower
205,@iansomerhalder
206,@xoxosantana
207,@magicmannex
208,@trinity
209,@chlorinated_water
210,@copstiktok
211,@joydt1
212,@yaneireach
213,@resanu
214,@escotim
215,@jokoy
216,@lukebryan
217,@harrymackofficial
218,@86hands
219,@alongcameabby
220,@kaitlinthekeeper
221,@ashyizzle
222,@adoriandeck
223,@hannahkelekacook
224,@lobeeston
225,@juztjosh
226,@palmertrolls
227,@ryanclem
228,@sidetalknyc
229,@verbalase
230,@dougmar
231,@thecruisespotter
232,@laikastudios
233,@c0rbo
234,@adrien_nunez
235,@best1paris
236,@justintimberlake
237,@buyargaming
238,@tacobellqween
239,@gabyosvel
240,@cal1boy
241,@itsallenferrell
242,@naomiibrookk
243,@disney
244,@lindseystirling
245,@parisberelc
246,@jessicalong2312
247,@itschunky
248,@humphreytalks
249,@airycan
250,@sollpenamakeup
251,@hike.it
252,@heider_realestate
253,@ninadrama
254,@good.boy.ollie
255,@the_twin8
256,@coolman_coffeedan
257,@maria.lynn.riceart
258,@fluellenfam
259,@alexblacktok
260,@soflofooodie
261,@sharlizetrue_
262,@madilynbailey
263,@matt.slays
264,@timmcgraw
265,@nessiemcnubbins
266,@lingandlamb
267,@penny_the_pidoublegy
268,@patrickstarrr
269,@autumnsklein
270,@deanobballin24
271,@sar_carolyn
272,@besperon
273,@jibrizy
274,@naomi_arbide
275,@nicnadyya
276,@pet..supplies
277,@thejordanroe21
278,@kingxcodi
279,@michellebellexo
280,@dr_mudgil
281,@ramatortosa
282,@ilolathehusky
283,@salabonce
284,@themcleodfam
285,@utahjazz
286,@monw0102
287,@ericmontanez
288,@amymariegaertner
289,@lindseybakedthis
290,@kaiyan289
291,@sheadurazzo
292,@dezzisaenz
293,@dwyanewade
294,@bradleymartyn
295,@brookehyland_1
296,@jalaiahharmon
297,@lailuali
298,@andrewivx2.0
299,@ethantrace
300,@hunterwoodhall
301,@themontestwins
302,@ellamendelsohn
303,@meghanmcasey
304,@cole_abbie
305,@tatyanajoseph39
306,@_kurtandkenneth
307,@bobthedragqueen
308,@janekozzphotography
309,@vintagetran
310,@wags.10
311,@thefitnessmarshall
312,@ashtan_22
313,@michael_jackson_king1
314,@brandon_vargas_
315,@pxrxvi
316,@pagekennedy
317,@devorelol
318,@aquariumpacific
319,@piersonfode
320,@wyatteiden
321,@cameroncanete
322,@towtruck.jess
323,@christilukasiak0
324,@jasoncapital
325,@justthebells10
326,@doctorgraves
327,@joshbutlertv
328,@thecb30music
329,@granatka94
330,@kerbom3
331,@chocolate_.drop
332,@natural.beauty54
333,@fafacestar
334,@giannachristiine
335,@thepiercer
336,@gary_daly
337,@learningexpressbham
338,@hammondscandies
339,@reba
340,@jenellelevans
341,@lenniamc
342,@johnderting
343,@itsjennydevil
344,@audreyvictoria_
345,@madibwebb
346,@paytons.makeup
347,@ktfranklin
348,@ange_copee
349,@ronilangley
350,@rachaelray
351,@ben_brainard
352,@bradmartin_
353,@mollypowerpuff
354,@issa_hawk
355,@samandmonica
356,@soundoftheforest
357,@twayne300
358,@deal_family
359,@nobeefonlychicken
360,@dolly_broadway
361,@avamax
362,@nbcthevoice
363,@i.roblox.queen
364,@jenniferrose1991
365,@lioko_cosplay
366,@anastasia_k_p
367,@michaelb0505
368,@foodyfetish
369,@sarabeautycorner
370,@socialmario
371,@cimorelliband
372,@sototallyslime
373,@katamogz
374,@mikiraiofficial
375,@parabros
376,@_the1stnoel
377,@geb_carla1
378,@americatoledop
379,@belladose
380,@princealeks
381,@poolpromj
382,@notkcurry00
383,@gregisms
384,@jayversay
385,@princessgenki
386,@josh.sundquist
387,@g00se2659
388,@inmigracion
389,@vansecoo
390,@mabreechampion
391,@bunnyhedaya
392,@victoriajustice
393,@nimay.ndolo
394,@itzparisimone
395,@icynspicymiami
396,@steveotv
397,@brosnavlogger
398,@alexanderjo91
399,@drew_talbert
400,@thelawyer
401,@marcelllei
402,@jesstawil
403,@nutritionbykylie
404,@cookiesnkicks
405,@snubbyj
406,@angel_fireyt
407,@worldoftshirts
408,@thatrelatablestudent
409,@murray_n_milly
410,@gabbidancer
411,@realnikocadoavocado
412,@denzelcrispy
413,@jakepolino
414,@theshinigamii
415,@youngma
416,@melinacelinec
417,@yungastroo
418,@queenmamadrama
419,@flywithkay
420,@coach_pedro
421,@lilaciewiln
422,@beembi
423,@vincentgiganteee
424,@anniesartstudio
425,@paradiisedd
426,@johnstone.gregory
427,@onlyshitposts2
428,@alxjames
429,@simplytex
430,@karaleapior
431,@jaredleto
432,@itscaitlinhello
433,@jayyduran
434,@nevschulman
435,@bro_builds
436,@jentzenramirez
437,@dub_frost
438,@thejoebrown
439,@squadhouse
440,@georgestrait
441,@dyler
442,@code_brenden
443,@rosie
444,@violet.cooks
445,@samueljeffersonandrews
446,@officialfunfoods
447,@nicholas_crown
448,@tonyhawk
449,@makeup_mabell
450,@jkyumul
451,@mufasa10k
452,@_alexandra.louise_
453,@60secdocs
454,@butchhartman
455,@milkfowler
456,@elnajhel
457,@hunter_yoyo
458,@courtlex_
459,@duaa.175
460,@mermaidstraw
461,@sarahhesterross
462,@baileysok1
463,@bellabofficial23
464,@seanbolis
465,@malloryscheidel
466,@bmotheprince
467,@katemaries
468,@yk_osiris
469,@sofimilss
470,@kaychelled
471,@christianjmaldonado
472,@seethemedlife
473,@younghollywood
474,@garythebbqchef
475,@ag.mcdaniel
476,@simplysalfinds
477,@g.catt.eng
478,@aniyauheckard
479,@extremeofficial
480,@theceoofcats
481,@the_kaplan_twins
482,@doggie.shelter.love
483,@hybridcalisthenics
484,@kellyclarksonshow
485,@hueybcool
486,@scotthoying
487,@missrballer1
488,@rudymancuso
489,@tob33ornottob33
490,@mackiealbertson
491,@move_with_joy
492,@the.johnsonbrothers
493,@mosaffari
494,@pipkochel
495,@vindieseldom0
496,@iamshakkaaa
497,@mandypatinktok
498,@bradschemmel
499,@sneakermechanic
500,@noahcyrus
501,@awkwardpuppets
502,@thepresiidents
503,@txvacation
504,@dude.dans_
505,@evaneramagic
506,@lashaygreenwood
507,@cooklikeimbook
508,@jzgarcia
509,@seanhavens
510,@foodychannel
511,@troysheperds
512,@trashley_anonymous
513,@cooleyandsarah
514,@theofficialsambailey
515,@thenextkidz
516,@cindychendesigns
517,@hayleykiyoko
518,@grangersmith
519,@impatman
520,@dreamteamtoyadventures
521,@thevondyfam
522,@_keyandpeele_
523,@kodiakmichael
524,@thatsjustchris
525,@thejulianbass
526,@maxprepsofficial
527,@scarletttshade
528,@itsjustourlife
529,@brittany.khamille
530,@jacopoviola_gk
531,@feelgoodfoodie
532,@rickyireland
533,@snacksandlex
534,@paumacher
535,@tsm
536,@clubhouse_europe
537,@anivarlarios
538,@omsteve
539,@itsmadisynshipman
540,@paigevanzant
541,@hotgina1
542,@tryguys
543,@gravityshade1
544,@inspector_aj
545,@david.michael.frank
546,@kassandrabrambila
547,@nickcarter
548,@winialvarezofficial
549,@cathyhkh
550,@tyebaby21
551,@noahandmariam
552,@katewalsh
553,@dolphindronedom
554,@sloomooinstitute
555,@glossygurl
556,@turboroo
557,@simpkingnation
558,@nicquemarina
559,@officialjoshope
560,@greenguppi
561,@danfrht
562,@kayceerice
563,@brenda_mondragon
564,@catsofsanbernardino
565,@snowthaproduct
566,@johnathonmiranda
567,@sneaky_lyfe
568,@yinyangelina
569,@alexis_santiago
570,@leo.crafter
571,@eericborges
572,@richiesullivann
573,@artboiben
574,@thelawyerangela
575,@mrs_dee_penda
576,@clarissarankin
577,@traineffectiveofficial
578,@torryhermann
579,@thedrewlynch
580,@nojumper
581,@614lyfe
582,@roy.hu
583,@aslirengmadureh
584,@lanaslifeee
585,@marielaorozco505
586,@onebigpike
587,@terplanet
588,@itsmebabykaely0
589,@itsdaiisyy
590,@timchantarangsu
591,@garrettttwright
592,@dillonfrancis
593,@doctormike
594,@funnytmax
595,@ayyepaulyy
596,@iamchyng
597,@gerges_bldozer
598,@trilljimi
599,@jnizmoo
600,@big_led73
601,@astroloc  
602,@crissarriaga16  
603,@brandonwalsh  
604,@austinwatkins662  
605,@dallasmavs  
606,@kedrummerboy  
607,@militarycominghometv  
608,@rickymontgomery  
609,@thecjperry  
610,@killljoyy  
611,@pet.tvv  
612,@darcymcqueenyyy  
613,@thclay  
614,@evenouttwins  
615,@theemyanicole  
616,@mousetales  
617,@winniethejroo  
618,@charmingbears  
619,@alz.asmr  
620,@tristantales  
621,@jacobrosstech  
622,@stacythiru  
623,@deandreee  
624,@beautifulsoulsinnyc  
625,@nojill  
626,@max_zuckermanmm  
627,@tomhiddlestwin  
628,@nasirmilian  
629,@ashleyyylreyyy  
630,@sarebear_13689  
631,@stormreid  
632,@fascinatedbyfungi  
633,@thecreativebix  
634,@ariellyndsey  
635,@steadyrein  
636,@47_khalifa  
637,@mikepanero  
638,@frankithebully  
639,@thepasinis  
640,@capturebizarre  
641,@tybridgwater  
642,@jojohnsonoverby  
643,@mtholfsen  
644,@bri_xu  
645,@erdnsy  
646,@sincitybartender  
647,@cysierra_6  
648,@doesitfan  
649,@sterlingmonett  
650,@dutchdeccc  
651,@thing3251  
652,@foxberri.cosplay  
653,@rilesfreestyle  
654,@marcustoocrazy  
655,@bethennyfrankel  
656,@harryraftus  
657,@tiktoshh  
658,@grantcardone  
659,@zanetdiego  
660,@quarantine_trickshots  
661,@gatlin_didier  
662,@nitrocircus  
663,@mr_russramirez  
664,@cataldibeauty  
665,@ftdaily  
666,@maylovespink  
667,@theoterofam  
668,@zoeeoliviaa_  
669,@karaleighcannella  
670,@megatrillz  
671,@brucerants  
672,@javiandthebosslady  
673,@seitsuki  
674,@bearsteen  
675,@mattmckenley  
676,@chance_strive  
677,@doctorjesss  
678,@noerow1  
679,@bobbyafterhours  
680,@ian_haueter  
681,@nattinatasha_fanpage  
682,@praserika2  
683,@techman_ju  
684,@baronscho  
685,@nathalie_bw_official  
686,@seth_yerian  
687,@_kaylagil_  
688,@bigtimerush  
689,@toca..buildz  
690,@_brookesanchez  
691,@jaywill4real  
692,@marceleeeeooo  
693,@daragrj  
694,@ashleyeve_  
695,@lepulu  
696,@kristinfarina  
697,@jakekulakowski  
698,@mm6la  
699,@dimejuniorjr  
700,@emilyvumusic
701,@briwilburn  
702,@gegethejing  
703,@latinabeautty  
704,@heavy_haul_n_fool  
705,@kendal_rich  
706,@laurarodrlguez  
707,@kylehanagami  
708,@davidwma  
709,@noahkesslin  
710,@sarahrav  
711,@sheebitv  
712,@mal0si.scanlan  
713,@mrgriffis  
714,@jon_inspires  
715,@fferlopez  
716,@sesemeslayy  
717,@spikeball  
718,@tommydraws  
719,@bundleofjoyyy  
720,@doknowsworld_  
721,@tr_jones7  
722,@leahgruberfit  
723,@kellysalpeter  
724,@amberglenniceskater  
725,@themiaj.47  
726,@chrispetrone  
727,@theejoshneal  
728,@dunkademics  
729,@mellonballer  
730,@_paige.renee  
731,@anthony_yt_1m  
732,@ariannaaromann  
733,@lightrosegold  
734,@eduardofernandezoficial  
735,@owentheordinary  
736,@theeargirl  
737,@davinerileyy  
738,@asmat.51  
739,@jenandwen  
740,@akrider_907braap  
741,@astro_alexandra  
742,@freedomandfeathers  
743,@danisha.carter  
744,@chardie4248  
745,@anakohler  
746,@melouandtwo  
747,@turntuptorey  
748,@taylornation  
749,@amberliu  
750,@tenientedance  
751,@caseyalan  
752,@geo_leon  
753,@yungeenace  
754,@herofficial  
755,@crownmecutie  
756,@getadjustednow  
757,@kermithepuppet  
758,@andriana_marine  
759,@midastouchart  
760,@antreviouss  
761,@drakebell  
762,@justice.dodson  
763,@chl0ebean  
764,@thegolfballlady  
765,@cedricsworld  
766,@papaswolio  
767,@sassygran  
768,@bobbyhenline  
769,@itsmaddieclose  
770,@thehashaq  
771,@laurengardenbelle  
772,@yoitsbeccah  
773,@fentybeauty  
774,@thelaughfactory  
775,@fancnanandfam  
776,@finalight  
777,@bientasty  
778,@mythicalkitchen  
779,@omfgitsrama  
780,@jose_elcompa  
781,@nina_prince_official  
782,@momlifewithlaura  
783,@yashixv  
784,@quingable  
785,@vivalakimm  
786,@the.marellis  
787,@spaceystacey4  
788,@anaykashe  
789,@jaedengomezz  
790,@drjoshadams  
791,@evalongoria  
792,@sonjakay19  
793,@mattloveshair  
794,@kornelia.ski  
795,@matt_and_omar  
796,@lilchefjen  
797,@itsnicodev  
798,@guige185  
799,@wonderfulweirdoz  
800,@humanfountains
801,@hannahkbrown  
802,@natalieevamarie  
803,@johnsupnik  
804,@paulaabdul  
805,@chelsmartin001  
806,@valeriafune  
807,@florin.sandu  
808,@tylerposey  
809,@dr_oz  
810,@explosm  
811,@doctor.ryan  
812,@minhaprofessoragringa  
813,@adriansalama  
814,@tarahelizabeth_  
815,@masfacee  
816,@aircorg  
817,@loverboysimp  
818,@h.fazo  
819,@dr.johnyoo  
820,@mattreedofficial  
821,@thatcaramellatino  
822,@puma_richard  
823,@lynbaileyy  
824,@jonabelleti  
825,@blairconklin  
826,@angelamazzanti  
827,@swishyyoutube  
828,@jordannoelleray  
829,@thepointerbrothers_  
830,@lekeyeh  
831,@howtocake  
832,@worldwidekayy  
833,@eddudez  
834,@keepstepping  
835,@domm.baccigalupi  
836,@amy_ramosd  
837,@shane.nickels  
838,@dailypie.tv  
839,@brandnewbeats  
840,@ethanrodecoffee  
841,@jawarshere  
842,@roblox.stars  
843,@nic.kilbride  
844,@jerryyguerabide  
845,@kaiyaleche  
846,@tnshawnhoney  
847,@thedylangorringe  
848,@bretmansicon  
849,@storm_is_present  
850,@isabella.drawsss  
851,@cryorolls  
852,@funimate  
853,@edvardateva  
854,@made.by.edgar  
855,@emilyjeanne333  
856,@iamsebastianbetancur  
857,@patriotic_k9  
858,@stanley.tucci  
859,@alexachalnick  
860,@lexistrechak  
861,@tessaviolet  
862,@mr.alexsparrow  
863,@madeline_pendleton  
864,@krissimalloy  
865,@desmondfambrini  
866,@english_with_teacherluke  
867,@fazeadapt  
868,@stephaniebeatriz  
869,@ayebayb  
870,@genxtalks  
871,@doggomusicvideo  
872,@maui_thegoldenpup  
873,@simo.star1  
874,@mikemuellnermd  
875,@legalbaddie  
876,@dweedo51  
877,@momyemma1938  
878,@viettrap  
879,@call_me_alaska  
880,@trickshotcop  
881,@jessicatatianalong  
882,@quincybytheway  
883,@juliadfit  
884,@cibsandibus  
885,@willbuie  
886,@americandadtbs  
887,@bellcaast  
888,@beninthetrees  
889,@jaydensiwa  
890,@errolcummingsjr  
891,@caroline_easom  
892,@theeonlyjanessa  
893,@blondegummybear  
894,@andrewknightman  
895,@scottberends  
896,@haylieedmiston  
897,@williamsmakeup  
898,@mrpopalot  
899,@ayeeitzmeaghan  
900,@jumpingspider
901,@coachsam87  
902,@calviinwilliams  
903,@socialaddict_  
904,@shamnyc  
905,@ivonnemireyaa  
906,@jj_cadwell  
907,@keondra.k  
908,@shrimpcity  
909,@seagreenehair  
910,@dylan.jhamilton  
911,@joshgancas  
912,@avalonwarren  
913,@itskatesteinberg  
914,@luanabarron  
915,@seanxlove  
916,@karlieplace  
917,@helloellenore  
918,@_odriewdlocenots_  
919,@beautifuldrinks  
920,@gopnikflexx  
921,@dr_kyleross  
922,@the_hillbillies  
923,@andy_morris  
924,@oliviaboeyink  
925,@rynnstar  
926,@jescacjb  
927,@alyfromalabama  
928,@iizaiahhh  
929,@setosnooplong  
930,@dmellocurlyhead  
931,@itsryanpownall  
932,@emmaavishort  
933,@paoladyee  
934,@itszachpittman  
935,@mar.milne  
936,@shawnhh  
937,@iammikeyfusco  
938,@stephenasmith  
939,@jackgerraughty  
940,@natewatson_  
941,@d3adpann  
942,@vsdiamond7  
943,@vineflashback  
944,@mmg  
945,@lipstick__tutorial  
946,@bens_comedy  
947,@drflavor  
948,@viohletta  
949,@adrianchateau  
950,@gentle.reminders  
951,@southernmaverick1  
952,@uwumi  
953,@sloyanjay  
954,@babaamerica  
955,@sussoft  
956,@pari_____aruuu  
957,@tymirmalia  
958,@sonypictures  
959,@petycare  
960,@theofficialtiktoktoedoc  
961,@rocionajera  
962,@sannyopera  
963,@makayla8374  
964,@caseycast  
965,@ngxb  
966,@abstractdissent  
967,@hedone2017  
968,@nisarichie  
969,@thetiktokadvocate  
970,@staytunednbc  
971,@griffinmaxwellbrooks  
972,@johnathan.black  
973,@sixspeed.official  
974,@kingcredit  
975,@minicowgirl  
976,@theconsideratemomma  
977,@onespunkyspud  
978,@royalpainisme  
979,@daisybermeo4  
980,@crazeclown  
981,@softpourn  
982,@englandkathy47  
983,@bodybuilding_7  
984,@nonproblematichoe  
985,@carterreynolds  
986,@amarissaflorenciaa  
987,@jazzjennings  
988,@ellievandeel  
989,@mentes.exitosass  
990,@sometimesmamayells  
991,@carlillos_a  
992,@yacselgarcia  
993,@klutchshot  
994,@frasesyreflexiones0  
995,@jasxminekay  
996,@amani.jeljeli  
997,@kierapleaze  
998,@rockettes  
999,@cheftimclowers  
1000,@saho.a
1001,@amandasimmons77  
1002,@kristenmiller1522  
1003,@prestonwalker__  
1004,@phillyonmars  
1005,@gav.ripley  
1006,@jade.amberrrrr  
1007,@basicstarterkit  
1008,@complexmusic  
1009,@mralexgreen  
1010,@oscars  
1011,@kamal_barua_official  
1012,@fahculture  
1013,@wildlifewill95  
1014,@dennyboiii  
1015,@deepblue__  
1016,@itsanthonymichael  
1017,@mitchlagos  
1018,@simplyysri  
1019,@camilacoelho  
1020,@caitlynisabella  
1021,@lafoodieguy  
1022,@victoria  
1023,@coasttocoastamofficial  
1024,@tinacutielove  
1025,@pikotrain5  
1026,@mathicallytutors  
1027,@fionaamaee  
1028,@chelsea_bananas  
1029,@gowneyedgirl  
1030,@brandonguss  
1031,@jjniemann  
1032,@charlie_happyfamily  
1033,@ocdocdonecutediva  
1034,@jorrdanbush  
1035,@miazenai  
1036,@respect_of_respect  
1037,@itscorinnejoy  
1038,@oh.its.phoebe  
1039,@sofiallen  
1040,@daddyy.dess  
1041,@stray.dogs.club  
1042,@ubrzati  
1043,@jonquall  
1044,@caitconquers  
1045,@carissareese1  
1046,@breelynn14  
1047,@maiphammy  
1048,@jalenlynette  
1049,@jillian.spaeder  
1050,@screamforghosty  
1051,@keith_the_cat_cow  
1052,@recipes  
1053,@justforfun._.clipz  
1054,@zedd  
1055,@chassychassywowwow  
1056,@6.deadly.sins  
1057,@jessilynmariee_  
1058,@chozus  
1059,@lizzy_dances  
1060,@ivvie.nails  
1061,@thefastsaga0  
1062,@undeadem  
1063,@marvislrj  
1064,@lindsayreighfx  
1065,@fostertheteens  
1066,@mama.quinnie  
1067,@rahhfrias  
1068,@thicc.cheerios  
1069,@poposinger  
1070,@miasweitz  
1071,@diy.manual  
1072,@chan4jesus  
1073,@kirrasan  
1074,@philipbowenmusic  
1075,@themhoffers  
1076,@justincarpioo  
1077,@humordarius  
1078,@butterrgirll  
1079,@poetssquarecats  
1080,@maday03  
1081,@icemanisme  
1082,@brandonmandara  
1083,@notjavierabelard  
1084,@xzz45  
1085,@alinepepe  
1086,@vs202104  
1087,@lifeof.lori  
1088,@korieford  
1089,@aaftabbagarwa  
1090,@chasingr8ness  
1091,@celinedion  
1092,@resh.eth  
1093,@milan.mathew  
1094,@cincinnatizoo  
1095,@magicgrandpa  
1096,@gorgeouszxc_jazmin  
1097,@mlee_sts  
1098,@clips  
1099,@kingchrizx  
1100,@businessforteens
1101,@_rare_colors  
1102,@theantiquatedgent  
1103,@espfeltv  
1104,@mizzko  
1105,@janatiktoks  
1106,@genshinimpact_en  
1107,@zieglermonster  
1108,@thegracefulbaker  
1109,@dadeats2.0  
1110,@chadevans06  
1111,@annaclendening  
1112,@lovechloejayne  
1113,@mileycyruseu  
1114,@rebmasel  
1115,@lildarbear  
1116,@d4edae  
1117,@jacob__knowles  
1118,@andrebrouillette  
1119,@newmoonprincess  
1120,@andrewfcarter  
1121,@0oofy  
1122,@charlesmeriot  
1123,@axs1  
1124,@patrickspinknub  
1125,@julyblackmonster2.0  
1126,@laundromatmoney  
1127,@englishwitharchie  
1128,@eline.angeline  
1129,@michelelundy222  
1130,@tcruznc  
1131,@liahfinah  
1132,@inglesdaluiza  
1133,@jacobyray  
1134,@elrejecto  
1135,@exoticblvd  
1136,@leanneridememolini  
1137,@michelleelise27  
1138,@hot_kitty30  
1139,@naomiboyer  
1140,@thelaceyclaire5  
1141,@realbettymaxwell  
1142,@thisisvirginiakerr  
1143,@thedailytrader  
1144,@buttnii46  
1145,@hilaryduff  
1146,@hunterbidenomg  
1147,@eatlivetraveldrink  
1148,@twins_sister2020  
1149,@grizzlyartwork  
1150,@ajthesenpai  
1151,@nwwolfdogs  
1152,@jane_rocci_official  
1153,@devonloren  
1154,@boomzy  
1155,@karlasavings  
1156,@theshayspence  
1157,@mermaid.kayleigh  
1158,@gatorthechi  
1159,@aideee__  
1160,@sheafreak4jb1  
1161,@gripclean  
1162,@bart_johnson  
1163,@belexieshoppe  
1164,@floridadefensivetraining  
1165,@briii83  
1166,@nikirjensen  
1167,@aracelihernandez922  
1168,@projectoneness  
1169,@clintonaverytharp  
1170,@nan169431242  
1171,@agusmaders  
1172,@shaqtinafool  
1173,@kendrick.bbq  
1174,@zachtheocularist  
1175,@jimmydjonesiii  
1176,@stealth_health_life  
1177,@judgiespod  
1178,@marvelstudiofans  
1179,@limbless.preacher  
1180,@hunter_malsch  
1181,@jaronmyerscomedy  
1182,@fitandphat  
1183,@indierich  
1184,@sarinha_moreno  
1185,@grabbatray  
1186,@blvckhoodieee  
1187,@its_not_luciano  
1188,@diy_garage_365  
1189,@ilovehouseplants  
1190,@jewiemcchewie  
1191,@grind2hardoshax2  
1192,@tonystatovci  
1193,@ybnnahmir  
1194,@sallymcsusan  
1195,@greyxaj  
1196,@_mr_pawan07  
1197,@djrushhour  
1198,@juniperpointdesignco  
1199,@alkemistorganics  
1200,@theashleycooke
1201,@mryeester  
1202,@tophertownmusic  
1203,@mrprofessor318  
1204,@greenwave1065  
1205,@cat.mando  
1206,@msrebeccablack  
1207,@mrwootwoot  
1208,@mvnnyrose  
1209,@madiditler  
1210,@seth.godwin  
1211,@linlinxilll  
1212,@user1571837862978  
1213,@alphamofficial  
1214,@jordanaudiozz  
1215,@tfoodmc  
1216,@hdbrosriley  
1217,@wolfentertainment  
1218,@meghamind_  
1219,@jadaa  
1220,@evelyncruzblog  
1221,@nathanxarchie  
1222,@olyveramusic  
1223,@krummkake  
1224,@sarayhurtado98  
1225,@themonkeygigi  
1226,@laurenannekennedy  
1227,@mikeoofs  
1228,@nolanomura  
1229,@jhnguyeners  
1230,@chymoneydummy  
1231,@goldensun39  
1232,@thelawntools  
1233,@_stiinkyy  
1234,@alarmingamber  
1235,@dogdsl  
1236,@khia.lopez  
1237,@hansgarage  
1238,@butterywaterboi  
1239,@eme.fox  
1240,@sonrisasorthodontics  
1241,@gilkthegreat  
1242,@kuhleeuh  
1243,@kelisgabriela  
1244,@jazecinema  
1245,@fetty.cat  
1246,@cocoaussy  
1247,@gianna_szp  
1248,@lcandash  
1249,@darlingfranxxs  
1250,@keelyamelia  
1251,@trevor_bfit  
1252,@jadaaura  
1253,@medical_acupuncture  
1254,@piper.ally  
1255,@officialjameel.austin  
1256,@daddy.lemons  
1257,@chrissymetz  
1258,@tiktk002  
1259,@laxtoluxury  
1260,@peachmangojuice777  
1261,@kingz.a.y  
1262,@sariixo_  
1263,@analyandstanley  
1264,@foodmaker168  
1265,@angel_campa  
1266,@karlydiel6  
1267,@dollbaby_ww  
1268,@ignaciocubeddu  
1269,@spacex.aerospace  
1270,@woman4christ  
1271,@copenhagencop  
1272,@chase120501  
1273,@darrylsworld86  
1274,@editzby_motherfxckenbea  
1275,@le_roi_picsou  
1276,@peachandpumpky  
1277,@kimkimnia  
1278,@miamifruit  
1279,@thebeyerlebunch  
1280,@theemoodyfoody  
1281,@r2bball  
1282,@darylhb  
1283,@huitronmaujr  
1284,@realbangbus  
1285,@shannindelgado  
1286,@magic.sketch  
1287,@kittyick  
1288,@kaitlynbubolz  
1289,@yelleadams  
1290,@emilyalexaander  
1291,@tj_therrien  
1292,@dannyandaly  
1293,@leahh.fishh  
1294,@shannypopofficial  
1295,@tflstudios  
1296,@jingjing6688  
1297,@husein4k  
1298,@im_argenissuriel  
1299,@stefanjamestoks  
1300,@binkstube
1301,@drcatherineding  
1302,@danimal.kingdom  
1303,@garrettsampson  
1304,@brianna_faison  
1305,@mike_clt  
1306,@sybil.kappert  
1307,@lostworldmuseum  
1308,@putch8  
1309,@whitneyhansonpoetry  
1310,@megaamerican  
1311,@theboylondon  
1312,@colts  
1313,@mustafasalih_  
1314,@adrianafelisolass  
1315,@tylerjcameron3  
1316,@homemade_always  
1317,@shenlolx3  
1318,@ura.myanmar  
1319,@racheljdillon  
1320,@christinatheclown  
1321,@bigronjones  
1322,@luisafelipe77  
1323,@tx.reemarie  
1324,@amber.vanpelt  
1325,@hensley_handmade_knives  
1326,@linguamaria  
1327,@damianchrobak  
1328,@beloti_10  
1329,@frehp  
1330,@choyce.brown  
1331,@thesingfamily  
1332,@asiancountrysinger  
1333,@d.deaguiarrr  
1334,@hoosierdaddyfishing  
1335,@awesomenesstv  
1336,@badass_mommy_6  
1337,@patrickkun  
1338,@jalenfranko  
1339,@itstommyjones  
1340,@taylorshelah  
1341,@dr.stuartlinder  
1342,@drleslie  
1343,@justinmschuble  
1344,@doctoremma  
1345,@hefftycole  
1346,@dmj_finance  
1347,@wewe.cute  
1348,@kyleprue  
1349,@sameeranaydu  
1350,@subway_historias45  
1351,@ltmotel  
1352,@rocky_yueliang  
1353,@treybryantstyle  
1354,@ti9achikorwlh  
1355,@elmo_love_u2  
1356,@jeremyt_  
1357,@drippedcustomz  
1358,@khyson.elias  
1359,@ssblayze  
1360,@kona_the_husk  
1361,@ashleykirk0  
1362,@thesabrinabankss  
1363,@ininhgs0  
1364,@jeremyolenski  
1365,@cantasin_trbt.girl  
1366,@abdulla_alsenaani  
1367,@markus_hogg  
1368,@kolderiu19  
1369,@banannerjoe  
1370,@mittqueen  
1371,@dogsauverglobal  
1372,@khian.kb  
1373,@farmersdaughterwisco  
1374,@fatboy  
1375,@fiddyshadesofgreen  
1376,@mandipaige8  
1377,@whyisbottaken  
1378,@nczinn7  
1379,@itsssammiee  
1380,@stuffyouactuallyneed  
1381,@shreddertheraccoon  
1382,@effortandskill  
1383,@whatsonvisface  
1384,@romanbrock  
1385,@nagendra_prakash  
1386,@ayehxncho  
1387,@beautifymeeh  
1388,@adrian_mountainman_sr  
1389,@_itslilant  
1390,@positively_paige  
1391,@michellechapman25  
1392,@yendrycayo_official  
1393,@ashfoodhunter  
1394,@vickto_willy  
1395,@raffasplastic  
1396,@camthompson  
1397,@willkano  
1398,@wnba  
1399,@jenasparksss  
1400,@bergettepigments
1401,@tylerdownss  
1402,@panthers  
1403,@trendytreat  
1404,@goodhoter  
1405,@janetjackson  
1406,@aerarius  
1407,@maggiekagechi  
1408,@kyliestokes3  
1409,@seakish  
1410,@parkerm1lls  
1411,@dongkyuverymuch  
1412,@gdun  
1413,@ennacos  
1414,@shogun_stickxg  
1415,@tesskrauser  
1416,@feastonthese  
1417,@funimation  
1418,@codyandrew  
1419,@dannocean  
1420,@jordanbeau  
1421,@the_fat_electrician  
1422,@daregularsauce  
1423,@react  
1424,@melaniguzmann  
1425,@anthony.13k  
1426,@spanishdollj  
1427,@preschooltherapy  
1428,@jenniferaugusta  
1429,@xoxoemira  
1430,@nova_900kf  
1431,@thegeorgialandscaper  
1432,@icelestevilla  
1433,@charliecustard_builds  
1434,@zuzu_mayagoitia.1  
1435,@calebs.visuals  
1436,@morganandzach  
1437,@plutowtf  
1438,@savpalacio  
1439,@leomillreal  
1440,@cameronisaiah_  
1441,@divineontheroad  
1442,@lilxandiego  
1443,@the_michael_myers  
1444,@citoadrielsito  
1445,@beronikamartinez17  
1446,@dieselrojasfamilysho  
1447,@maya.and.hunter  
1448,@gogogabriella  
1449,@vanessakatetiktok  
1450,@therealdadsofnewyork  
1451,@jessiepaege  
1452,@camncody  
1453,@mackenziemarieofficial  
1454,@hannahvananh  
1455,@runbuddy  
1456,@dr.kiransanap  
1457,@andr3wsky  
1458,@bestfriendsanimalsociety  
1459,@lauriehernandez_  
1460,@dmichaelburke  
1461,@caleighxjade  
1462,@2029man  
1463,@bubbatheboss  
1464,@jennifermolina11  
1465,@officialkodileerocks  
1466,@darrkblue  
1467,@therealcupid  
1468,@ajannakos  
1469,@hornet_king_official  
1470,@suendr0  
1471,@yazeedhavingfun  
1472,@_tendai  
1473,@rileymcnair99  
1474,@djhabibeats  
1475,@breannacohoonhair  
1476,@bearfiorda  
1477,@ashzash  
1478,@jessiemaealonzo  
1479,@juicybodygoddess  
1480,@chasemchrisley  
1481,@uoever  
1482,@braille_skate  
1483,@manoloteachesgolf  
1484,@xavier_lopez_  
1485,@teddywang86  
1486,@jaypitts100  
1487,@freshboyira1  
1488,@trimbleandtwitch  
1489,@katianasecret  
1490,@macarena_oz  
1491,@jaylampy  
1492,@ryanwil11  
1493,@sarahrhomrich  
1494,@bella.lamanna  
1495,@carefoundationflorida  
1496,@notgabriellagrrza  
1497,@adrenalineaddiction  
1498,@shinobiray  
1499,@ashgavscomedy  
1500,@daniimarie
1501,@faiththig  
1502,@thebayfamily  
1503,@squidhatsaxophone  
1504,@jack_mondragon_  
1505,@aaronsanimals  
1506,@austinburkemusic  
1507,@findingnimesh  
1508,@official_reke  
1509,@gillianmargonis  
1510,@oscarfloofybear  
1511,@tristen_shewmake  
1512,@nfarii  
1513,@chanelwestcoast  
1514,@bearded__boomer  
1515,@pwr  
1516,@iamkrystallashon  
1517,@chicagobears  
1518,@elidvoskin  
1519,@rupaulofficial  
1520,@chaninatasha  
1521,@codells  
1522,@lindseywheeler1  
1523,@snot  
1524,@the_doggie_days  
1525,@marcusjmonroe  
1526,@marbarboyce  
1527,@amandagravestattoo  
1528,@watchtheyard  
1529,@samkhfit  
1530,@thespacegal  
1531,@nick_knows  
1532,@willow.sky  
1533,@nyahjones_  
1534,@lowrhen  
1535,@elitepermanentmakeup  
1536,@livkayg  
1537,@disneymusic  
1538,@chicagobulls  
1539,@fanci.com_  
1540,@rubeen_creater  
1541,@lyricswext  
1542,@jaythewrapspecialist  
1543,@m0dizzl3  
1544,@ian_mcalister  
1545,@realsamuelmorin  
1546,@_cristinaion  
1547,@amber.chiapetto  
1548,@aarongabel  
1549,@dameliodogpack  
1550,@karimi.12  
1551,@roxxane.animation.2022  
1552,@joeystpierre5  
1553,@greggiana  
1554,@messi.1.30  
1555,@thatnursemissy  
1556,@ruby.bauer  
1557,@claudia._.503  
1558,@jessetylerridgway  
1559,@the.vibing.with.kristina  
1560,@talithaajane  
1561,@austinbvi  
1562,@weheartleon  
1563,@terryreloadedpt2  
1564,@_millieann_  
1565,@thesituationaltherapist  
1566,@endy.vega  
1567,@kadiekaii  
1568,@drfvallejo  
1569,@blasianboytae  
1570,@cata.freer  
1571,@lorynpowell  
1572,@leah_ryder  
1573,@maggiesdad123  
1574,@brendonqueue  
1575,@tylerwhite411  
1576,@imanivanzap  
1577,@kaalaanii  
1578,@theyknowgeoo  
1579,@ailikami  
1580,@joeyandgoose  
1581,@taymachat  
1582,@saintyim  
1583,@bonniejoeeee  
1584,@77drawtricks  
1585,@randomguyintn  
1586,@noresolveoscar  
1587,@luxmberg  
1588,@citizensnipes  
1589,@infamousnailah  
1590,@fashionation613  
1591,@soytonik  
1592,@iamparisangel  
1593,@jamesdumoulin  
1594,@joseczuniga  
1595,@daisee_dukee  
1596,@coachmichelle  
1597,@ricotaquito  
1598,@autumn_r821  
1599,@officialbmth  
1600,@blikejayyy
1601,@retroconverse  
1602,@huntergarner55  
1603,@danielclarke_dc3  
1604,@mac028347  
1605,@maknabsingie  
1606,@joshchx  
1607,@maxkpop66  
1608,@mianey2  
1609,@jennifermika_  
1610,@supchef  
1611,@ariel..kingstad  
1612,@oliviavanfoxface  
1613,@foodiemobbb  
1614,@marynouraa  
1615,@gene.w.park  
1616,@winchumbo  
1617,@melanygarciiia  
1618,@jack_mahon_music  
1619,@iamimranbaba  
1620,@jakeswolsky  
1621,@hasanminhaj  
1622,@garbs4gamers  
1623,@themainfamilyofficial  
1624,@kainosaurus  
1625,@kylieskin  
1626,@_tbg_6  
1627,@devonandwillo  
1628,@ricklevr  
1629,@the.law.says.what  
1630,@okayyy.tiara  
1631,@curiospace  
1632,@desiboymonty0  
1633,@selenasandoval0  
1634,@boostedlifestyleyt  
1635,@kimberlyhumphries7  
1636,@bernie  
1637,@mina.alali  
1638,@that.cast.iron.guy  
1639,@debbiezzc857  
1640,@bluettipower  
1641,@kaiphrog  
1642,@kalical_official  
1643,@anna.the.nurse  
1644,@calabases_bk  
1645,@rickypond  
1646,@aerialjunkie  
1647,@selfdefenseonline  
1648,@itslildevo  
1649,@imsodliteful  
1650,@4.laughers  
1651,@codybpyrotechnics2  
1652,@spotify  
1653,@koolasoneil  
1654,@aquickspoonful  
1655,@melissa__veee  
1656,@memodorantes23  
1657,@hoops.editss  
1658,@juiceavate  
1659,@fat__tastic  
1660,@aidanmoyer95  
1661,@isidora_villagra  
1662,@beckymits  
1663,@itsyoungmoomoo  
1664,@foodielife7  
1665,@kiaraskynails  
1666,@kewigraffiti27  
1667,@jwilliamj  
1668,@torrigracee  
1669,@marookee  
1670,@realsombob  
1671,@birdsarentreal  
1672,@adrianthealien  
1673,@davidhhugo  
1674,@babymoooossee  
1675,@singmovie  
1676,@doctorkaramkhodian  
1677,@samanthartsoe  
1678,@cweetysomya  
1679,@auntmablecrawford  
1680,@alivaheeronms  
1681,@rykerpersonn  
1682,@pilot_rob  
1683,@anaisha.torres  
1684,@coococaaca  
1685,@laurencorazza  
1686,@theonlysabii  
1687,@marisellabella  
1688,@viviana_montoya  
1689,@dogloverme  
1690,@goat.guns  
1691,@anamikakhan75  
1692,@k_passionate  
1693,@amandadevac  
1694,@tylerbrown316  
1695,@funnybear.2020  
1696,@thatcoachmike  
1697,@elsenordelaspacas  
1698,@lexi.diane  
1699,@losangeles_eats  
1700,@nickydoobs  
1701,@chrisbrezzy1989  
1702,@jessinemec  
1703,@reed.dupont  
1704,@xenoicxavier  
1705,@nicolle_osorio_  
1706,@sicuracreations  
1707,@lainvanogle  
1708,@brooklynnets  
1709,@vectorrobot.ddl  
1710,@abibxbz  
1711,@gingermarketer  
1712,@k9marek_and_tim  
1713,@alispagnola  
1714,@el2salley  
1715,@olivialvsoff  
1716,@fishmeister419  
1717,@hospicenursejulie  
1718,@thomasrhett  
1719,@whitneywren1  
1720,@mm.sparkle.shine  
1721,@cbsmornings  
1722,@chicanarosaswst13  
1723,@cousinskeether  
1724,@emowii  
1725,@thekingbryson  
1726,@mellowmaddyasmrofficial  
1727,@funny_rocket  
1728,@mayra.del.villar  
1729,@yogaarizona  
1730,@tattedqueen28  
1731,@iamlandonforbes  
1732,@katelynbutcher  
1733,@cynthiasam_  
1734,@citycouponmom  
1735,@helenowen  
1736,@nikolasnadiro  
1737,@hae_bae  
1738,@lightskinzack  
1739,@tara_town  
1740,@kentuckyfriedchicken  
1741,@meg.boggs  
1742,@rylandadams  
1743,@hollisfuneralhome  
1744,@preciouskutie  
1745,@markruglovaa  
1746,@gnkerrelax  
1747,@creepyfactssss  
1748,@shwetasingh6_  
1749,@stayathomegary  
1750,@pooky_face  
1751,@minecraftmeme.wor  
1752,@fendidakid  
1753,@gabs__ss  
1754,@antonia  
1755,@howitworking  
1756,@tommalone_jr  
1757,@trev_williams  
1758,@christiantheshowm  
1759,@donloup_lighter  
1760,@melanyfernandez_  
1761,@mrs.dwyer  
1762,@iitsfaith  
1763,@bee1001k  
1764,@_wendywalters  
1765,@raymizi  
1766,@iamjocelynsilva  
1767,@2021vs05  
1768,@tiffanys_cakes  
1769,@kirobai  
1770,@verobeachmermaid  
1771,@natexrowe  
1772,@cassieinspires  
1773,@sahilkhan513  
1774,@urdogiscute  
1775,@allisonvenz  
1776,@kevincooneyy  
1777,@perlongo  
1778,@cameronfowler2209  
1779,@hadi_hajomar  
1780,@davido  
1781,@hollyhuggz  
1782,@zedthebordercollie  
1783,@terrycostaprom  
1784,@streetfashion2020  
1785,@chicme_official  
1786,@annaxbriana  
1787,@thegomillions  
1788,@watchingnewyork  
1789,@realcj_  
1790,@amazonmusic  
1791,@principlesbyraydalio  
1792,@funcaboodle  
1793,@twooutsiders  
1794,@adriennefinch  
1795,@she_crazy_tho  
1796,@ianisuglyy  
1797,@buckshot_boys  
1798,@smxy_david  
1799,@emma16newman  
1800,@madelyn.whitehead  
1801,@uncle_earl84  
1802,@therobertstheory  
1803,@lonelybeelive  
1804,@scuba.diving_  
1805,@anuhyasaripilli  
1806,@cristina.baker  
1807,@itselaina  
1808,@kenzieeluby  
1809,@mexi.cant  
1810,@pawstah  
1811,@texastrevino  
1812,@just_keep_drawinggg  
1813,@johanbert3__  
1814,@tara26000016  
1815,@beanboozledbaileyy  
1816,@larrygao  
1817,@shaullimthemyth  
1818,@joelverdico  
1819,@labaredallas  
1820,@dope_kitchen  
1821,@spiderchol0  
1822,@eve_123b  
1823,@milehighcustomsco  
1824,@k.immmy  
1825,@drax_the_corso  
1826,@katyguerralitfromwithin  
1827,@imlycheeasian  
1828,@momentsofgregory  
1829,@bethanyciotola  
1830,@justiceforabi  
1831,@corvushugin  
1832,@dr.mehss  
1833,@raredoodle  
1834,@debryanshow  
1835,@lexidrew  
1836,@antonibumba  
1837,@lagurl25  
1838,@bubbiegolf  
1839,@howsyourdayhoney3  
1840,@tednivison  
1841,@rippedredneck  
1842,@wyattzworld  
1843,@veganblackguy  
1844,@danhenryy  
1845,@drrepta_plasticsurgery  
1846,@dylanscottcountry  
1847,@elroyredbeard  
1848,@ricarlodresses15  
1849,@sav_age619  
1850,@12pell  
1851,@jaasonaa  
1852,@cor2ran  
1853,@goldenbearollie  
1854,@brennalip  
1855,@oliviaweisel1  
1856,@nessie.ttk  
1857,@art.by.livvv  
1858,@bellaamtz  
1859,@coachtorigordon  
1860,@fella  
1861,@alohaocean  
1862,@masonearls  
1863,@trinhdoesthings  
1864,@sunilrawat7000  
1865,@amb.byrd  
1866,@michellegimagestudio  
1867,@massiel.englishteacher  
1868,@uhoh5oh  
1869,@gbasuave  
1870,@janiceglimmer  
1871,@miamiheat  
1872,@lauraryui  
1873,@teacher_esmee  
1874,@viralstartv  
1875,@ani_mako  
1876,@jimmykimmellive  
1877,@trvgiic  
1878,@cirruslyyesterday  
1879,@taraskye15  
1880,@papu_mp01  
1881,@lovemargot.co  
1882,@ourdailylivesg  
1883,@thehannafamily_  
1884,@teabby  
1885,@saasswars  
1886,@cutepetsvideo  
1887,@jamielynnspears  
1888,@itsjosiahmiller  
1889,@trequine  
1890,@daddy2triplets  
1891,@moniquescarrillo  
1892,@myexcelonline  
1893,@miknob  
1894,@tartecosmetics  
1895,@owtreyalpofficial  
1896,@cade.worthy  
1897,@christina_rj  
1898,@meopmei72  
1899,@christian_shelton  
1900,@anne.jannette
1901,@bzllz  
1902,@mannykhoshbin1  
1903,@neeenzs  
1904,@wilderness_addict  
1905,@charlieonnafriday  
1906,@itsjustbrendan  
1907,@dominiquet.a.r.jackson  
1908,@chrisdstaples  
1909,@thetinzman  
1910,@eemmamacdonald  
1911,@uncle_dijon  
1912,@joesdairybarandgrill  
1913,@heal.with.fifi  
1914,@babydindinandmommarcie  
1915,@xo.genna  
1916,@zak_catchem  
1917,@lesliehannahbelle  
1918,@jonahprill  
1919,@imbabytate  
1920,@thegavindees  
1921,@dariusrucker  
1922,@dubsthevlogger  
1923,@babiesofsteele  
1924,@143princesahu  
1925,@fabialopesoficial  
1926,@jayythickness  
1927,@dannyedge  
1928,@coconutricebear  
1929,@37yroldgrandparents  
1930,@camthecomic  
1931,@thetruoriginal  
1932,@arzuukalkaan  
1933,@tiffnicole143  
1934,@matt_merrill  
1935,@jay.c_21  
1936,@zwfmiami  
1937,@hotseniorpups  
1938,@revolutionenglish  
1939,@ashcash.cc  
1940,@bmariee3  
1941,@irbyy  
1942,@thetsunamichild  
1943,@bene_.40  
1944,@joshpondmaine  
1945,@kamiecrawford  
1946,@rhiannonmainwarin  
1947,@itsnastynaz  
1948,@realbreakingnate  
1949,@sunnyraben  
1950,@americanarbitrage  
1951,@layzchipz  
1952,@theoldest.zoomer  
1953,@juliopitbullofc  
1954,@jennyjfitness  
1955,@_blakesims_  
1956,@livinmyth23  
1957,@dizzydyl  
1958,@sunshinejazzy17  
1959,@german.reyez  
1960,@ya_boy_maloy  
1961,@officiallytonytoks  
1962,@j0haun_  
1963,@guygonewild  
1964,@avionwrld  
1965,@farrartwins_official  
1966,@teacherjamesusa  
1967,@fitgun_germany  
1968,@pwuffyshop  
1969,@cholocooking  
1970,@fatalfaye  
1971,@jsspicyy  
1972,@jayparikhh  
1973,@brydellcocky  
1974,@ky_mom_swag  
1975,@jaaaydamenace  
1976,@disneyeomundo  
1977,@mrs.craftsalot  
1978,@woolery  
1979,@skaaaate_  
1980,@korporate50  
1981,@lilbittylivie  
1982,@cap_one47  
1983,@myllajames  
1984,@oishiistrawberry  
1985,@ark_builder  
1986,@lilyfock  
1987,@valegenta  
1988,@worthaed  
1989,@billythebasstok  
1990,@chargers  
1991,@emileeflood  
1992,@rootedinspice  
1993,@danerichardsofficial_  
1994,@adryhavana  
1995,@jasminnacostaa  
1996,@ahunter.hoffman  
1997,@niki_peter  
1998,@thefreebieguy  
1999,@dionimariaofficial  
2000,@dracorayes